[{"model": "contenttypes.contenttype", "pk": 1, "fields": {"app_label": "admin", "model": "logentry"}}, {"model": "contenttypes.contenttype", "pk": 2, "fields": {"app_label": "auth", "model": "permission"}}, {"model": "contenttypes.contenttype", "pk": 3, "fields": {"app_label": "auth", "model": "group"}}, {"model": "contenttypes.contenttype", "pk": 4, "fields": {"app_label": "auth", "model": "user"}}, {"model": "contenttypes.contenttype", "pk": 5, "fields": {"app_label": "contenttypes", "model": "contenttype"}}, {"model": "contenttypes.contenttype", "pk": 6, "fields": {"app_label": "sessions", "model": "session"}}, {"model": "contenttypes.contenttype", "pk": 7, "fields": {"app_label": "blog", "model": "blogtype"}}, {"model": "contenttypes.contenttype", "pk": 8, "fields": {"app_label": "blog", "model": "blog"}}, {"model": "contenttypes.contenttype", "pk": 9, "fields": {"app_label": "blog", "model": "readnum"}}, {"model": "contenttypes.contenttype", "pk": 10, "fields": {"app_label": "read_statistics", "model": "readnum"}}, {"model": "contenttypes.contenttype", "pk": 11, "fields": {"app_label": "read_statistics", "model": "readdetail"}}, {"model": "contenttypes.contenttype", "pk": 12, "fields": {"app_label": "comment", "model": "comment"}}, {"model": "contenttypes.contenttype", "pk": 13, "fields": {"app_label": "likes", "model": "likecount"}}, {"model": "contenttypes.contenttype", "pk": 14, "fields": {"app_label": "likes", "model": "likerecord"}}, {"model": "contenttypes.contenttype", "pk": 15, "fields": {"app_label": "user", "model": "profile"}}, {"model": "sessions.session", "pk": "jrglv324b5gii67j7nqqrna0108x50a6", "fields": {"session_data": "NTgzYjI5YWRmMWVjMmU2YmViNDZhZWNhZGVjMDMwMTBlNjYwMzdhYTp7ImJpbmRfZW1haWxfY29kZSI6Ik9mTFpoIiwic2VuZF9jb2RlX3RpbWUiOjE1ODM3NjIxODcsIl9hdXRoX3VzZXJfaWQiOiI1IiwiX2F1dGhfdXNlcl9iYWNrZW5kIjoiZGphbmdvLmNvbnRyaWIuYXV0aC5iYWNrZW5kcy5Nb2RlbEJhY2tlbmQiLCJfYXV0aF91c2VyX2hhc2giOiI0Y2NlZGU3YTFkMDliM2M2MWI3YTkxNDkyNTA2YTRlMmEyZTU0YzMxIn0=", "expire_date": "2020-03-23T13:57:29.637Z"}}, {"model": "sessions.session", "pk": "y006729ir0e7pq6ubedeep49le1zvw5n", "fields": {"session_data": "MGYxYmQwNDg4NzcxOWM3YWNkYzkxMDM4N2ZkMzYyZDU3ZDczMGI0Mjp7Il9hdXRoX3VzZXJfaWQiOiIxIiwiX2F1dGhfdXNlcl9iYWNrZW5kIjoiZGphbmdvLmNvbnRyaWIuYXV0aC5iYWNrZW5kcy5Nb2RlbEJhY2tlbmQiLCJfYXV0aF91c2VyX2hhc2giOiI1NTk2MzhjOWY2MzM2YWRmZThmNDZhZGQyOWZjZmI0ZjQyMTdjZmJmIiwic2VuZF9jb2RlX3RpbWUiOjE1ODEyMTk3MjZ9", "expire_date": "2020-02-23T03:42:23.168Z"}}, {"model": "blog.blogtype", "pk": 1, "fields": {"type_name": "Django"}}, {"model": "blog.blogtype", "pk": 2, "fields": {"type_name": "\u968f\u7b14"}}, {"model": "blog.blogtype", "pk": 3, "fields": {"type_name": "\u611f\u609f"}}, {"model": "blog.blogtype", "pk": 4, "fields": {"type_name": "\u7b14\u8bb0"}}, {"model": "read_statistics.readnum", "pk": 1, "fields": {"read_num": 32, "content_type": 8, "object_id": 36}}, {"model": "read_statistics.readnum", "pk": 2, "fields": {"read_num": 5, "content_type": 8, "object_id": 35}}, {"model": "read_statistics.readnum", "pk": 3, "fields": {"read_num": 3, "content_type": 8, "object_id": 34}}, {"model": "read_statistics.readnum", "pk": 4, "fields": {"read_num": 1, "content_type": 8, "object_id": 33}}, {"model": "read_statistics.readnum", "pk": 5, "fields": {"read_num": 5, "content_type": 8, "object_id": 1}}, {"model": "read_statistics.readnum", "pk": 6, "fields": {"read_num": 10, "content_type": 8, "object_id": 37}}, {"model": "read_statistics.readnum", "pk": 7, "fields": {"read_num": 8, "content_type": 8, "object_id": 38}}, {"model": "read_statistics.readdetail", "pk": 3, "fields": {"date": "2019-12-30", "read_num": 1, "content_type": 8, "object_id": 36}}, {"model": "read_statistics.readdetail", "pk": 5, "fields": {"date": "2019-12-31", "read_num": 1, "content_type": 8, "object_id": 36}}, {"model": "read_statistics.readdetail", "pk": 6, "fields": {"date": "2019-12-31", "read_num": 1, "content_type": 8, "object_id": 1}}, {"model": "read_statistics.readdetail", "pk": 7, "fields": {"date": "2019-12-31", "read_num": 1, "content_type": 8, "object_id": 37}}, {"model": "read_statistics.readdetail", "pk": 8, "fields": {"date": "2020-01-02", "read_num": 1, "content_type": 8, "object_id": 1}}, {"model": "read_statistics.readdetail", "pk": 9, "fields": {"date": "2020-01-02", "read_num": 1, "content_type": 8, "object_id": 36}}, {"model": "read_statistics.readdetail", "pk": 10, "fields": {"date": "2020-01-02", "read_num": 2, "content_type": 8, "object_id": 37}}, {"model": "read_statistics.readdetail", "pk": 11, "fields": {"date": "2020-01-03", "read_num": 2, "content_type": 8, "object_id": 37}}, {"model": "read_statistics.readdetail", "pk": 12, "fields": {"date": "2020-01-03", "read_num": 2, "content_type": 8, "object_id": 36}}, {"model": "read_statistics.readdetail", "pk": 13, "fields": {"date": "2020-01-03", "read_num": 2, "content_type": 8, "object_id": 1}}, {"model": "read_statistics.readdetail", "pk": 14, "fields": {"date": "2020-01-03", "read_num": 2, "content_type": 8, "object_id": 38}}, {"model": "read_statistics.readdetail", "pk": 15, "fields": {"date": "2020-01-15", "read_num": 1, "content_type": 8, "object_id": 38}}, {"model": "read_statistics.readdetail", "pk": 16, "fields": {"date": "2020-01-15", "read_num": 1, "content_type": 8, "object_id": 36}}, {"model": "read_statistics.readdetail", "pk": 17, "fields": {"date": "2020-01-17", "read_num": 3, "content_type": 8, "object_id": 37}}, {"model": "read_statistics.readdetail", "pk": 18, "fields": {"date": "2020-01-17", "read_num": 2, "content_type": 8, "object_id": 38}}, {"model": "read_statistics.readdetail", "pk": 19, "fields": {"date": "2020-01-17", "read_num": 2, "content_type": 8, "object_id": 36}}, {"model": "read_statistics.readdetail", "pk": 20, "fields": {"date": "2020-01-17", "read_num": 1, "content_type": 8, "object_id": 1}}, {"model": "read_statistics.readdetail", "pk": 21, "fields": {"date": "2020-01-18", "read_num": 1, "content_type": 8, "object_id": 36}}, {"model": "read_statistics.readdetail", "pk": 22, "fields": {"date": "2020-02-03", "read_num": 1, "content_type": 8, "object_id": 37}}, {"model": "read_statistics.readdetail", "pk": 23, "fields": {"date": "2020-02-03", "read_num": 1, "content_type": 8, "object_id": 38}}, {"model": "read_statistics.readdetail", "pk": 24, "fields": {"date": "2020-02-06", "read_num": 1, "content_type": 8, "object_id": 38}}, {"model": "read_statistics.readdetail", "pk": 25, "fields": {"date": "2020-02-08", "read_num": 1, "content_type": 8, "object_id": 36}}, {"model": "read_statistics.readdetail", "pk": 26, "fields": {"date": "2020-02-09", "read_num": 1, "content_type": 8, "object_id": 38}}, {"model": "read_statistics.readdetail", "pk": 27, "fields": {"date": "2020-02-09", "read_num": 1, "content_type": 8, "object_id": 37}}, {"model": "read_statistics.readdetail", "pk": 28, "fields": {"date": "2020-02-09", "read_num": 1, "content_type": 8, "object_id": 36}}, {"model": "likes.likecount", "pk": 1, "fields": {"content_type": 8, "object_id": 37, "liked_num": 0}}, {"model": "likes.likecount", "pk": 2, "fields": {"content_type": 8, "object_id": 38, "liked_num": 0}}, {"model": "likes.likecount", "pk": 3, "fields": {"content_type": 8, "object_id": 36, "liked_num": 0}}, {"model": "likes.likecount", "pk": 4, "fields": {"content_type": 8, "object_id": 1, "liked_num": 0}}, {"model": "likes.likecount", "pk": 5, "fields": {"content_type": 12, "object_id": 42, "liked_num": 0}}, {"model": "likes.likecount", "pk": 6, "fields": {"content_type": 12, "object_id": 41, "liked_num": 0}}, {"model": "likes.likecount", "pk": 7, "fields": {"content_type": 12, "object_id": 40, "liked_num": 0}}, {"model": "likes.likecount", "pk": 8, "fields": {"content_type": 12, "object_id": 46, "liked_num": 0}}, {"model": "likes.likecount", "pk": 9, "fields": {"content_type": 12, "object_id": 47, "liked_num": 0}}, {"model": "likes.likecount", "pk": 10, "fields": {"content_type": 12, "object_id": 39, "liked_num": 0}}, {"model": "likes.likecount", "pk": 11, "fields": {"content_type": 12, "object_id": 38, "liked_num": 0}}, {"model": "likes.likecount", "pk": 12, "fields": {"content_type": 12, "object_id": 37, "liked_num": 0}}, {"model": "likes.likecount", "pk": 13, "fields": {"content_type": 12, "object_id": 44, "liked_num": 0}}, {"model": "likes.likecount", "pk": 14, "fields": {"content_type": 12, "object_id": 45, "liked_num": 0}}, {"model": "likes.likecount", "pk": 15, "fields": {"content_type": 12, "object_id": 36, "liked_num": 0}}, {"model": "likes.likecount", "pk": 16, "fields": {"content_type": 12, "object_id": 43, "liked_num": 0}}, {"model": "likes.likecount", "pk": 17, "fields": {"content_type": 12, "object_id": 51, "liked_num": 0}}, {"model": "likes.likecount", "pk": 18, "fields": {"content_type": 12, "object_id": 52, "liked_num": 0}}, {"model": "likes.likecount", "pk": 19, "fields": {"content_type": 12, "object_id": 50, "liked_num": 0}}, {"model": "likes.likecount", "pk": 20, "fields": {"content_type": 12, "object_id": 53, "liked_num": 0}}, {"model": "likes.likecount", "pk": 21, "fields": {"content_type": 12, "object_id": 48, "liked_num": 0}}, {"model": "likes.likecount", "pk": 22, "fields": {"content_type": 12, "object_id": 49, "liked_num": 0}}, {"model": "likes.likecount", "pk": 23, "fields": {"content_type": 12, "object_id": 54, "liked_num": 0}}, {"model": "likes.likecount", "pk": 24, "fields": {"content_type": 12, "object_id": 55, "liked_num": 0}}, {"model": "likes.likecount", "pk": 25, "fields": {"content_type": 12, "object_id": 56, "liked_num": 0}}, {"model": "likes.likecount", "pk": 26, "fields": {"content_type": 12, "object_id": 57, "liked_num": 0}}, {"model": "likes.likecount", "pk": 27, "fields": {"content_type": 12, "object_id": 59, "liked_num": 0}}, {"model": "likes.likecount", "pk": 28, "fields": {"content_type": 12, "object_id": 58, "liked_num": 0}}, {"model": "likes.likecount", "pk": 29, "fields": {"content_type": 12, "object_id": 60, "liked_num": 0}}, {"model": "likes.likecount", "pk": 30, "fields": {"content_type": 12, "object_id": 61, "liked_num": 0}}, {"model": "likes.likecount", "pk": 31, "fields": {"content_type": 12, "object_id": 62, "liked_num": 0}}, {"model": "likes.likecount", "pk": 32, "fields": {"content_type": 12, "object_id": 63, "liked_num": 0}}, {"model": "likes.likecount", "pk": 33, "fields": {"content_type": 12, "object_id": 64, "liked_num": 0}}, {"model": "likes.likecount", "pk": 34, "fields": {"content_type": 12, "object_id": 65, "liked_num": 0}}, {"model": "likes.likecount", "pk": 35, "fields": {"content_type": 12, "object_id": 67, "liked_num": 0}}, {"model": "likes.likecount", "pk": 36, "fields": {"content_type": 12, "object_id": 66, "liked_num": 0}}, {"model": "likes.likecount", "pk": 37, "fields": {"content_type": 12, "object_id": 68, "liked_num": 0}}, {"model": "likes.likecount", "pk": 38, "fields": {"content_type": 12, "object_id": 69, "liked_num": 0}}, {"model": "likes.likecount", "pk": 39, "fields": {"content_type": 12, "object_id": 70, "liked_num": 0}}, {"model": "auth.permission", "pk": 1, "fields": {"name": "Can add log entry", "content_type": 1, "codename": "add_logentry"}}, {"model": "auth.permission", "pk": 2, "fields": {"name": "Can change log entry", "content_type": 1, "codename": "change_logentry"}}, {"model": "auth.permission", "pk": 3, "fields": {"name": "Can delete log entry", "content_type": 1, "codename": "delete_logentry"}}, {"model": "auth.permission", "pk": 4, "fields": {"name": "Can view log entry", "content_type": 1, "codename": "view_logentry"}}, {"model": "auth.permission", "pk": 5, "fields": {"name": "Can add permission", "content_type": 2, "codename": "add_permission"}}, {"model": "auth.permission", "pk": 6, "fields": {"name": "Can change permission", "content_type": 2, "codename": "change_permission"}}, {"model": "auth.permission", "pk": 7, "fields": {"name": "Can delete permission", "content_type": 2, "codename": "delete_permission"}}, {"model": "auth.permission", "pk": 8, "fields": {"name": "Can view permission", "content_type": 2, "codename": "view_permission"}}, {"model": "auth.permission", "pk": 9, "fields": {"name": "Can add group", "content_type": 3, "codename": "add_group"}}, {"model": "auth.permission", "pk": 10, "fields": {"name": "Can change group", "content_type": 3, "codename": "change_group"}}, {"model": "auth.permission", "pk": 11, "fields": {"name": "Can delete group", "content_type": 3, "codename": "delete_group"}}, {"model": "auth.permission", "pk": 12, "fields": {"name": "Can view group", "content_type": 3, "codename": "view_group"}}, {"model": "auth.permission", "pk": 13, "fields": {"name": "Can add user", "content_type": 4, "codename": "add_user"}}, {"model": "auth.permission", "pk": 14, "fields": {"name": "Can change user", "content_type": 4, "codename": "change_user"}}, {"model": "auth.permission", "pk": 15, "fields": {"name": "Can delete user", "content_type": 4, "codename": "delete_user"}}, {"model": "auth.permission", "pk": 16, "fields": {"name": "Can view user", "content_type": 4, "codename": "view_user"}}, {"model": "auth.permission", "pk": 17, "fields": {"name": "Can add content type", "content_type": 5, "codename": "add_contenttype"}}, {"model": "auth.permission", "pk": 18, "fields": {"name": "Can change content type", "content_type": 5, "codename": "change_contenttype"}}, {"model": "auth.permission", "pk": 19, "fields": {"name": "Can delete content type", "content_type": 5, "codename": "delete_contenttype"}}, {"model": "auth.permission", "pk": 20, "fields": {"name": "Can view content type", "content_type": 5, "codename": "view_contenttype"}}, {"model": "auth.permission", "pk": 21, "fields": {"name": "Can add session", "content_type": 6, "codename": "add_session"}}, {"model": "auth.permission", "pk": 22, "fields": {"name": "Can change session", "content_type": 6, "codename": "change_session"}}, {"model": "auth.permission", "pk": 23, "fields": {"name": "Can delete session", "content_type": 6, "codename": "delete_session"}}, {"model": "auth.permission", "pk": 24, "fields": {"name": "Can view session", "content_type": 6, "codename": "view_session"}}, {"model": "auth.permission", "pk": 25, "fields": {"name": "Can add blog type", "content_type": 7, "codename": "add_blogtype"}}, {"model": "auth.permission", "pk": 26, "fields": {"name": "Can change blog type", "content_type": 7, "codename": "change_blogtype"}}, {"model": "auth.permission", "pk": 27, "fields": {"name": "Can delete blog type", "content_type": 7, "codename": "delete_blogtype"}}, {"model": "auth.permission", "pk": 28, "fields": {"name": "Can view blog type", "content_type": 7, "codename": "view_blogtype"}}, {"model": "auth.permission", "pk": 29, "fields": {"name": "Can add blog", "content_type": 8, "codename": "add_blog"}}, {"model": "auth.permission", "pk": 30, "fields": {"name": "Can change blog", "content_type": 8, "codename": "change_blog"}}, {"model": "auth.permission", "pk": 31, "fields": {"name": "Can delete blog", "content_type": 8, "codename": "delete_blog"}}, {"model": "auth.permission", "pk": 32, "fields": {"name": "Can view blog", "content_type": 8, "codename": "view_blog"}}, {"model": "auth.permission", "pk": 33, "fields": {"name": "Can add read num", "content_type": 9, "codename": "add_readnum"}}, {"model": "auth.permission", "pk": 34, "fields": {"name": "Can change read num", "content_type": 9, "codename": "change_readnum"}}, {"model": "auth.permission", "pk": 35, "fields": {"name": "Can delete read num", "content_type": 9, "codename": "delete_readnum"}}, {"model": "auth.permission", "pk": 36, "fields": {"name": "Can add read num", "content_type": 10, "codename": "add_readnum"}}, {"model": "auth.permission", "pk": 37, "fields": {"name": "Can change read num", "content_type": 10, "codename": "change_readnum"}}, {"model": "auth.permission", "pk": 38, "fields": {"name": "Can delete read num", "content_type": 10, "codename": "delete_readnum"}}, {"model": "auth.permission", "pk": 39, "fields": {"name": "Can add read detail", "content_type": 11, "codename": "add_readdetail"}}, {"model": "auth.permission", "pk": 40, "fields": {"name": "Can change read detail", "content_type": 11, "codename": "change_readdetail"}}, {"model": "auth.permission", "pk": 41, "fields": {"name": "Can delete read detail", "content_type": 11, "codename": "delete_readdetail"}}, {"model": "auth.permission", "pk": 42, "fields": {"name": "Can add comment", "content_type": 12, "codename": "add_comment"}}, {"model": "auth.permission", "pk": 43, "fields": {"name": "Can change comment", "content_type": 12, "codename": "change_comment"}}, {"model": "auth.permission", "pk": 44, "fields": {"name": "Can delete comment", "content_type": 12, "codename": "delete_comment"}}, {"model": "auth.permission", "pk": 45, "fields": {"name": "Can add like count", "content_type": 13, "codename": "add_likecount"}}, {"model": "auth.permission", "pk": 46, "fields": {"name": "Can change like count", "content_type": 13, "codename": "change_likecount"}}, {"model": "auth.permission", "pk": 47, "fields": {"name": "Can delete like count", "content_type": 13, "codename": "delete_likecount"}}, {"model": "auth.permission", "pk": 48, "fields": {"name": "Can add like record", "content_type": 14, "codename": "add_likerecord"}}, {"model": "auth.permission", "pk": 49, "fields": {"name": "Can change like record", "content_type": 14, "codename": "change_likerecord"}}, {"model": "auth.permission", "pk": 50, "fields": {"name": "Can delete like record", "content_type": 14, "codename": "delete_likerecord"}}, {"model": "auth.permission", "pk": 51, "fields": {"name": "Can add profile", "content_type": 15, "codename": "add_profile"}}, {"model": "auth.permission", "pk": 52, "fields": {"name": "Can change profile", "content_type": 15, "codename": "change_profile"}}, {"model": "auth.permission", "pk": 53, "fields": {"name": "Can delete profile", "content_type": 15, "codename": "delete_profile"}}, {"model": "auth.user", "pk": 1, "fields": {"password": "pbkdf2_sha256$100000$g5LAm0HaoI23$QFA+KpAMFM25jCV1D7Ek8xIXVLQFjwx5XCVHzmvNeyk=", "last_login": "2020-02-09T03:39:00Z", "is_superuser": true, "username": "lyj", "first_name": "", "last_name": "", "email": "1969236660@qq.com", "is_staff": true, "is_active": true, "date_joined": "2019-12-21T00:37:00Z", "groups": [], "user_permissions": []}}, {"model": "auth.user", "pk": 2, "fields": {"password": "pbkdf2_sha256$180000$zZq6I3RTY8A5$fXFHsSmoOTu9CFszHw7LBSSSrv1gWKF1didBTzq5wq8=", "last_login": "2019-12-21T01:03:27.751Z", "is_superuser": true, "username": "nsb", "first_name": "", "last_name": "", "email": "", "is_staff": true, "is_active": true, "date_joined": "2019-12-21T00:39:16.175Z", "groups": [], "user_permissions": []}}, {"model": "auth.user", "pk": 4, "fields": {"password": "pbkdf2_sha256$100000$1PqzNiTagMTB$Iv2lhXb3O4jgd8UaxBpqPxzdIIeNGQs424DMLSZ9Yvc=", "last_login": "2020-02-08T12:59:32.786Z", "is_superuser": true, "username": "\u51cc\u6893", "first_name": "", "last_name": "", "email": "", "is_staff": true, "is_active": true, "date_joined": "2020-01-17T07:09:00Z", "groups": [], "user_permissions": []}}, {"model": "auth.user", "pk": 5, "fields": {"password": "pbkdf2_sha256$100000$g25FR46PLtKu$RFVbWYBKYmX5DxO8oU1w7RcZUV5PDvEdyAN59ErWomo=", "last_login": "2020-03-09T13:57:29.537Z", "is_superuser": false, "username": "\u602a\u517da", "first_name": "", "last_name": "", "email": "abclyj163@163.com", "is_staff": false, "is_active": true, "date_joined": "2020-02-08T13:32:23.605Z", "groups": [], "user_permissions": []}}, {"model": "blog.blog", "pk": 1, "fields": {"title": "\u7b2c\u4e00\u7bc7\u535a\u5ba2", "blog_type": 2, "content": "<h3>&nbsp;&nbsp; \u7b2c\u4e00\u7bc7\u535a\u5ba2\uff0c\u4e0d\u77e5\u9053\u5199\u70b9\u4ec0\u4e48\uff0c\u5c31\u8bf4\u4e00\u4e0b\u4e3a\u4ec0\u4e48\u8981\u6784\u5efa\u6211\u7684\u535a\u5ba2\u7f51\u7ad9\u3002\u5927\u6982\u4e24\u4e2a\u6708\u524d\u628apython\u57fa\u7840\u77e5\u8bc6\u603b\u4f53\u53c8\u5237\u4e86\u4e00\u904d\uff0c\u8fdb\u9636\u65f6\u4e3b\u8981\u60f3\u5411\u7740\u7f51\u7edc\u722c\u866b\u548cweb\u5f00\u53d1\u4e24\u4e2a\u65b9\u9762\u8fdb\u884c\u3002\u5728\u4e4b\u524d\u5b66\u4e60\u722c\u866b\u7684\u65f6\u5019\uff0c\u591a\u770b\u51e0\u7bc7\u6559\u7a0b\uff0c\u81ea\u5df1\u518d\u7422\u78e8\u4e00\u4e0b\uff0c\u5199\u4e2a\u5c0f\u722c\u866b\u722c\u4e00\u4e0b\u90a3\u4e9b\u7b80\u5355\u7f51\u7ad9\u751a\u81f3\u4e00\u4e9b\u4e3b\u6d41\u7f51\u7ad9\u7684\u56fe\u7247\uff0c\u89c6\u9891\u7b49\u611f\u89c9\u90fd\u6ca1\u4ec0\u4e48\u5927\u95ee\u9898\u3002\u7531\u4e8e\u81ea\u5df1\u4e0d\u662f\u79d1\u73ed\u51fa\u8eab\uff0cHTML+CSS\u548cJavaScript\u7b49\u4e00\u4e9b\u524d\u7aef\u76f8\u5173\u7684\u77e5\u8bc6\u4e5f\u662f\u5728\u5b66\u722c\u866b\u65f6\u7b80\u5355\u5b66\u4e86\u4e00\u4e0b\uff0c\u8fd8\u6709\u597d\u591a\u4e0d\u4e86\u89e3\u7684\u4e1c\u897f\uff0c\u6240\u4ee5\u5728\u9047\u5230\u4e00\u4e9b\u53cd\u722c\u624b\u6bb5\u9ad8\u660e\u7684\u7f51\u7ad9\u65f6\uff0c\u7ecf\u5e38\u641e\u4e0d\u61c2\u5176\u4e2d\u7684\u673a\u5236\uff0c\u6240\u4ee5\u5f53\u65f6\u60f3\u7740\u722c\u866b\u5148\u7f13\u4e00\u7f13\uff0c\u7b49\u76f8\u5173\u77e5\u8bc6\u8865\u4e0a\u6765\u5728\u7ee7\u7eed\u6df1\u5165\u7422\u78e8\u3002\u4e00\u6bb5\u65f6\u95f4\u540e\u5237\u77e5\u4e4e\u5237\u5230pythonWeb\u5f00\u53d1\uff0c\u5176\u6d89\u53ca\u5230\u6bd4\u722c\u866b\u66f4\u5168\u9762\u7684HTML+CSS\u548cJavaScript\uff0cJQuery\u7b49\u524d\u7aef\u76f8\u5173\u77e5\u8bc6\uff0c\u5c31\u60f3\u7740\u81ea\u5df1\u642d\u5efa\u4e00\u4e2a\u4e2a\u4eba\u535a\u5ba2\u7f51\u7ad9\u3002\u5e0c\u671b\u81ea\u5df1\u80fd\u575a\u6301\u4e0b\u53bb\u4e5f\u76f8\u4fe1\u5e94\u8be5\u80fd\u5b66\u5230\u5f88\u591a\u6709\u7528\u7684\u77e5\u8bc6\u3002</h3>", "author": 1, "created_time": "2019-12-21T01:10:59.847Z", "last_updated_time": "2019-12-31T04:50:28.620Z"}}, {"model": "blog.blog", "pk": 36, "fields": {"title": "\u7b2c\u4e00\u7bc7\u5bcc\u6587\u672c\u535a\u5ba2", "blog_type": 2, "content": "<h3><em><cite><span style=\"color:#2ecc71\">\u4eca\u5929\u5b66\u5230\u7528\u5bcc\u6587\u672c\u7f16\u8f91\uff0c\u535a\u5ba2\u5185\u5bb9\u53ef\u4ee5\u6dfb\u52a0\u8868\u60c5\u548c\u56fe\u7247\uff0c\u9644\u4e0a\u4e00\u5f20\u81eaP\u7535\u5f71\u6d77\u62a5\u3002</span></cite></em></h3>\r\n\r\n<h3><em><img alt=\"\" src=\"/media/upload/2019/12/23/djiukt.jpg\" style=\"height:284px; width:198px\" /></em></h3>", "author": 1, "created_time": "2019-12-23T11:51:23.282Z", "last_updated_time": "2019-12-31T05:14:35.059Z"}}, {"model": "blog.blog", "pk": 37, "fields": {"title": "\u4fee\u6539\u4e00\u70b9\u5c0f\u9519\u8bef", "blog_type": 1, "content": "<p>\u4eca\u5929\u5b66\u5b8c\u7f13\u5b58\u63d0\u901f\u540e\u5199\u597d\u4ee3\u7801\u56de\u5230\u535a\u5ba2\u9875\u9762\u68c0\u67e5\uff0c\u53d1\u73b0\u4e4b\u524d\u5185\u5bb9\u5b57\u957f\u8fc7\u6ee4\u5668\u88ab\u6211\u5220\u4e86\uff0c\u535a\u5ba2\u5217\u8868\u91cc\u5c31\u80fd\u770b\u5b8c\u6211\u7684\u535a\u5ba2\u5185\u5bb9\uff0c\u4e4b\u524d\u5c45\u7136\u4e00\u76f4\u6ca1\u6ce8\u610f\u5230\uff0c\u7136\u540e\u627e\u4e86\u4e00\u4e0b\u53d1\u73b0\u5bf9\u6bd4\u8d77\u4e4b\u524d\u7528\u7684 truncatechars \uff0c <strong>truncatechars_html</strong> \u6548\u679c\u4f3c\u4e4e\u66f4\u52a0\u597d\uff0c\u6539\u597d\u4e4b\u540e\u68c0\u67e5\u4e4b\u524d\u5199\u7684\u4e00\u4e9b\u65e0\u804a\u7684\u4e1c\u897f\uff08\u5199\u6765\u4e3b\u8981\u662f\u4e3a\u4e86\u68c0\u67e5\u9875\u7801\u663e\u793a\u4e0e\u7ffb\u9875\u529f\u80fd\u662f\u5426\u80fd\u5b9e\u73b0\uff09\uff0c\u628a\u4ed6\u4eec\u5168\u5220\u4e86\u3002\u7136\u540e\u53d1\u73b0\u6709\u4e00\u7bc7\u5b57\u4f53\u80cc\u666f\u989c\u8272\u662f\u9ed1\u8272\uff0c\u4ee5\u4e3a\u662f\u81ea\u5df1\u4e4b\u524d\u5e94\u7528\u7684css\u6837\u5f0f\u95ee\u9898\uff0c\u6539\u4e86\u4e00\u4e0b\u53d1\u73b0\u4e0d\u884c\uff0c\u6700\u540e\u76f4\u63a5\u663e\u793a\u6e90\u7801\u628a\u4e00\u4e2a\u5143\u7d20\u76f4\u63a5\u5220\u4e86\uff0c\u95ee\u9898\u89e3\u51b3\u3002\u5e94\u8be5\u662f\u90a3\u4e2a\u5143\u7d20\u5e26\u7684\u989c\u8272\u5c5e\u6027\uff0c\u5728\u6b64\u8bb0\u4e0b\u6709\u7a7a\u53bb\u8865\u4e0bHTML\u5143\u7d20\u3002<img alt=\"cheeky\" src=\"http://127.0.0.1:8000/static/ckeditor/ckeditor/plugins/smiley/images/tongue_smile.png\" style=\"height:23px; width:23px\" title=\"cheeky\" /></p>", "author": 1, "created_time": "2019-12-31T05:08:11.266Z", "last_updated_time": "2019-12-31T05:08:11.266Z"}}, {"model": "blog.blog", "pk": 38, "fields": {"title": "7", "blog_type": 2, "content": "<p>\u4eca\u5929\u5b66\u7528ajax\u5b9e\u73b0\u8bc4\u8bba\u533a\u5185\u5bb9\u7684\u5f02\u6b65\u63d0\u4ea4\u8fd8\u6709\u5b9e\u73b0\u56de\u590d\u529f\u80fd\uff0c\u53c8\u662f\u524d\u7aef\u7684\u77e5\u8bc6\uff0c\u53c8\u4e0d\u61c2\uff0c\u4e00\u76f4\u62a5\u9519\uff0c\u4ece\u65e9\u4e0a\u4e00\u4e2a\u4e2a\u5b57\u6bcd\u5bf9\u7740\u627e\u627e\u5230\u4e2d\u5348\uff0c\u7ed3\u679c\u53d1\u73b0\u5c31\u56e0\u4e3a\u5728\u66f4\u65b0\u6570\u636e\u90a3\u4e00\u6bb5\u5c11\u4e86\u4e2as\u3002\u90fd\u662f\u8981\u627e\u65f6\u95f4\u8865\u56de\u6765\u7684\u4e1c\u897f\u3002\u4e34\u8fd1\u653e\u5047\uff0c\u5b66\u6821\u91cc\u4e00\u5927\u5806\u4e1c\u897f\u8981\u641e\uff0c\u63a5\u4e0b\u6765\u4e24\u4e2a\u4e2a\u661f\u671f\u5e94\u8be5\u6ca1\u4ec0\u4e48\u65f6\u95f4\u4e0a\u7ebf\uff0c\u5148\u8bb0\u4e0b\u3002</p>", "author": 2, "created_time": "2020-01-03T07:36:43.199Z", "last_updated_time": "2020-01-03T14:21:01.046Z"}}, {"model": "comment.comment", "pk": 36, "fields": {"content_type": 8, "object_id": 38, "text": "<p>1</p>", "comment_time": "2020-01-03T11:27:25.804Z", "user": 1, "root": null, "parent": null, "reply_to": null}}, {"model": "comment.comment", "pk": 37, "fields": {"content_type": 8, "object_id": 38, "text": "<p>45</p>", "comment_time": "2020-01-03T11:38:42.325Z", "user": 1, "root": null, "parent": null, "reply_to": null}}, {"model": "comment.comment", "pk": 38, "fields": {"content_type": 8, "object_id": 38, "text": "<p>351</p>", "comment_time": "2020-01-03T11:44:06.363Z", "user": 1, "root": null, "parent": null, "reply_to": null}}, {"model": "comment.comment", "pk": 39, "fields": {"content_type": 8, "object_id": 38, "text": "<p>465</p>", "comment_time": "2020-01-03T11:46:31.843Z", "user": 1, "root": null, "parent": null, "reply_to": null}}, {"model": "comment.comment", "pk": 40, "fields": {"content_type": 8, "object_id": 38, "text": "<p>465</p>", "comment_time": "2020-01-03T11:47:10.312Z", "user": 1, "root": null, "parent": null, "reply_to": null}}, {"model": "comment.comment", "pk": 41, "fields": {"content_type": 8, "object_id": 38, "text": "<p>465</p>", "comment_time": "2020-01-03T11:47:20.673Z", "user": 1, "root": null, "parent": null, "reply_to": null}}, {"model": "comment.comment", "pk": 42, "fields": {"content_type": 8, "object_id": 38, "text": "<p>867</p>", "comment_time": "2020-01-03T11:47:26.787Z", "user": 1, "root": null, "parent": null, "reply_to": null}}, {"model": "comment.comment", "pk": 43, "fields": {"content_type": 8, "object_id": 38, "text": "<p>13</p>", "comment_time": "2020-01-03T13:02:02.953Z", "user": 1, "root": 36, "parent": 36, "reply_to": 1}}, {"model": "comment.comment", "pk": 44, "fields": {"content_type": 8, "object_id": 38, "text": "<p>456</p>", "comment_time": "2020-01-03T14:09:26.907Z", "user": 1, "root": 37, "parent": 37, "reply_to": 1}}, {"model": "comment.comment", "pk": 45, "fields": {"content_type": 8, "object_id": 38, "text": "<p>645</p>", "comment_time": "2020-01-03T14:09:37.577Z", "user": 1, "root": 37, "parent": 37, "reply_to": 1}}, {"model": "comment.comment", "pk": 46, "fields": {"content_type": 8, "object_id": 38, "text": "<p>46+</p>", "comment_time": "2020-01-03T14:09:43.131Z", "user": 1, "root": 40, "parent": 40, "reply_to": 1}}, {"model": "comment.comment", "pk": 47, "fields": {"content_type": 8, "object_id": 38, "text": "<p>5646</p>", "comment_time": "2020-01-03T14:09:50.513Z", "user": 1, "root": 40, "parent": 46, "reply_to": 1}}, {"model": "comment.comment", "pk": 48, "fields": {"content_type": 8, "object_id": 37, "text": "<p>1324</p>", "comment_time": "2020-01-03T14:10:13.435Z", "user": 1, "root": null, "parent": null, "reply_to": null}}, {"model": "comment.comment", "pk": 49, "fields": {"content_type": 8, "object_id": 37, "text": "<p>34</p>", "comment_time": "2020-01-03T14:12:55.617Z", "user": 1, "root": 48, "parent": 48, "reply_to": 1}}, {"model": "comment.comment", "pk": 50, "fields": {"content_type": 8, "object_id": 36, "text": "<p>546</p>", "comment_time": "2020-01-03T14:13:25.008Z", "user": 1, "root": null, "parent": null, "reply_to": null}}, {"model": "comment.comment", "pk": 51, "fields": {"content_type": 8, "object_id": 36, "text": "<p>545</p>", "comment_time": "2020-01-15T05:51:50.842Z", "user": 1, "root": null, "parent": null, "reply_to": null}}, {"model": "comment.comment", "pk": 52, "fields": {"content_type": 8, "object_id": 36, "text": "<p>15312</p>\r\n\r\n<p>&nbsp;</p>", "comment_time": "2020-01-15T05:52:00.749Z", "user": 1, "root": 51, "parent": 51, "reply_to": 1}}, {"model": "comment.comment", "pk": 53, "fields": {"content_type": 8, "object_id": 36, "text": "<p>\u5cf0\u5cf0\u597d\u5e05<img alt=\"heart\" height=\"23\" src=\"http://127.0.0.1:8000/static/ckeditor/ckeditor/plugins/smiley/images/heart.png\" title=\"heart\" width=\"23\" /> \u7231\u4e86\uff01</p>", "comment_time": "2020-01-17T07:11:40.219Z", "user": 4, "root": null, "parent": null, "reply_to": null}}, {"model": "comment.comment", "pk": 54, "fields": {"content_type": 8, "object_id": 37, "text": "<p>654</p>", "comment_time": "2020-01-17T14:27:29.870Z", "user": 1, "root": null, "parent": null, "reply_to": null}}, {"model": "comment.comment", "pk": 55, "fields": {"content_type": 8, "object_id": 37, "text": "<p>524</p>\r\n\r\n<p>&nbsp;</p>", "comment_time": "2020-01-17T14:27:39.167Z", "user": 1, "root": 54, "parent": 54, "reply_to": 1}}, {"model": "comment.comment", "pk": 56, "fields": {"content_type": 8, "object_id": 37, "text": "<p>3</p>\r\n\r\n<p>2</p>", "comment_time": "2020-01-17T14:28:14.252Z", "user": 1, "root": 54, "parent": 55, "reply_to": 1}}, {"model": "comment.comment", "pk": 57, "fields": {"content_type": 8, "object_id": 38, "text": "<p>461</p>", "comment_time": "2020-02-06T06:35:14.524Z", "user": 1, "root": 40, "parent": 46, "reply_to": 1}}, {"model": "comment.comment", "pk": 58, "fields": {"content_type": 8, "object_id": 38, "text": "<p>salchacvaih</p>", "comment_time": "2020-02-09T03:29:54.008Z", "user": 5, "root": null, "parent": null, "reply_to": null}}, {"model": "comment.comment", "pk": 59, "fields": {"content_type": 8, "object_id": 38, "text": "<p>sasfaf</p>", "comment_time": "2020-02-09T03:30:18.320Z", "user": 5, "root": null, "parent": null, "reply_to": null}}, {"model": "comment.comment", "pk": 60, "fields": {"content_type": 8, "object_id": 38, "text": "<p>134</p>", "comment_time": "2020-02-09T03:31:26.869Z", "user": 5, "root": 39, "parent": 39, "reply_to": 1}}, {"model": "comment.comment", "pk": 61, "fields": {"content_type": 8, "object_id": 37, "text": "<p>5465</p>", "comment_time": "2020-02-09T03:32:11.052Z", "user": 5, "root": null, "parent": null, "reply_to": null}}, {"model": "comment.comment", "pk": 62, "fields": {"content_type": 8, "object_id": 37, "text": "<p>56463</p>", "comment_time": "2020-02-09T03:33:17.001Z", "user": 5, "root": 54, "parent": 54, "reply_to": 1}}, {"model": "comment.comment", "pk": 63, "fields": {"content_type": 8, "object_id": 37, "text": "<p>54</p>", "comment_time": "2020-02-09T03:34:35.417Z", "user": 5, "root": 54, "parent": 54, "reply_to": 1}}, {"model": "comment.comment", "pk": 64, "fields": {"content_type": 8, "object_id": 37, "text": "<p>111</p>", "comment_time": "2020-02-09T03:34:42.936Z", "user": 5, "root": 54, "parent": 54, "reply_to": 1}}, {"model": "comment.comment", "pk": 65, "fields": {"content_type": 8, "object_id": 37, "text": "<p>111111</p>", "comment_time": "2020-02-09T03:34:56.713Z", "user": 5, "root": 54, "parent": 54, "reply_to": 1}}, {"model": "comment.comment", "pk": 66, "fields": {"content_type": 8, "object_id": 36, "text": "<p>11111</p>", "comment_time": "2020-02-09T03:35:27.545Z", "user": 5, "root": null, "parent": null, "reply_to": null}}, {"model": "comment.comment", "pk": 67, "fields": {"content_type": 8, "object_id": 36, "text": "<p>1111</p>", "comment_time": "2020-02-09T03:36:08.315Z", "user": 5, "root": null, "parent": null, "reply_to": null}}, {"model": "comment.comment", "pk": 68, "fields": {"content_type": 8, "object_id": 37, "text": "<p>534</p>", "comment_time": "2020-02-09T03:39:50.398Z", "user": 1, "root": null, "parent": null, "reply_to": null}}, {"model": "comment.comment", "pk": 69, "fields": {"content_type": 8, "object_id": 38, "text": "<p>jjjjjj</p>", "comment_time": "2020-02-09T03:42:38.883Z", "user": 1, "root": 41, "parent": 41, "reply_to": 1}}, {"model": "comment.comment", "pk": 70, "fields": {"content_type": 8, "object_id": 38, "text": "<p>2134</p>", "comment_time": "2020-02-09T03:46:44.053Z", "user": 1, "root": 41, "parent": 41, "reply_to": 1}}, {"model": "comment.comment", "pk": 71, "fields": {"content_type": 8, "object_id": 38, "text": "<p>45665</p>", "comment_time": "2020-02-09T03:46:58.960Z", "user": 1, "root": 59, "parent": 59, "reply_to": 5}}, {"model": "comment.comment", "pk": 72, "fields": {"content_type": 8, "object_id": 38, "text": "<p>html\u90ae\u4ef6\u6d4b\u8bd5</p>", "comment_time": "2020-02-09T04:05:00.230Z", "user": 1, "root": 59, "parent": 59, "reply_to": 5}}, {"model": "comment.comment", "pk": 73, "fields": {"content_type": 8, "object_id": 38, "text": "<p>15646</p>", "comment_time": "2020-02-09T04:30:07.417Z", "user": 1, "root": 59, "parent": 59, "reply_to": 5}}, {"model": "comment.comment", "pk": 74, "fields": {"content_type": 8, "object_id": 38, "text": "<p>354</p>", "comment_time": "2020-02-09T04:31:18.010Z", "user": 1, "root": 59, "parent": 59, "reply_to": 5}}, {"model": "user.profile", "pk": 1, "fields": {"user": 1, "nickname": "\u5218\u6c38\u6770"}}, {"model": "admin.logentry", "pk": 1, "fields": {"action_time": "2019-12-21T01:08:00.186Z", "user": 1, "content_type": 7, "object_id": "1", "object_repr": "BlogType object (1)", "action_flag": 1, "change_message": "[{\"added\": {}}]"}}, {"model": "admin.logentry", "pk": 2, "fields": {"action_time": "2019-12-21T01:08:16.257Z", "user": 1, "content_type": 7, "object_id": "2", "object_repr": "BlogType object (2)", "action_flag": 1, "change_message": "[{\"added\": {}}]"}}, {"model": "admin.logentry", "pk": 3, "fields": {"action_time": "2019-12-21T01:08:22.904Z", "user": 1, "content_type": 7, "object_id": "3", "object_repr": "BlogType object (3)", "action_flag": 1, "change_message": "[{\"added\": {}}]"}}, {"model": "admin.logentry", "pk": 4, "fields": {"action_time": "2019-12-21T01:10:59.849Z", "user": 1, "content_type": 8, "object_id": "1", "object_repr": "<Blog: \u7b2c\u4e00\u7bc7\u535a\u5ba2>", "action_flag": 1, "change_message": "[{\"added\": {}}]"}}, {"model": "admin.logentry", "pk": 5, "fields": {"action_time": "2019-12-21T01:15:38.232Z", "user": 1, "content_type": 8, "object_id": "1", "object_repr": "<Blog: \u7b2c\u4e00\u7bc7\u535a\u5ba2>", "action_flag": 2, "change_message": "[]"}}, {"model": "admin.logentry", "pk": 6, "fields": {"action_time": "2019-12-21T06:13:12.535Z", "user": 1, "content_type": 8, "object_id": "2", "object_repr": "<Blog: \u7b2c\u4e8c\u7bc7\u535a\u5ba2>", "action_flag": 1, "change_message": "[{\"added\": {}}]"}}, {"model": "admin.logentry", "pk": 7, "fields": {"action_time": "2019-12-21T06:38:34.881Z", "user": 1, "content_type": 8, "object_id": "3", "object_repr": "<Blog: \u957f\u535a\u5ba2>", "action_flag": 1, "change_message": "[{\"added\": {}}]"}}, {"model": "admin.logentry", "pk": 8, "fields": {"action_time": "2019-12-22T08:00:13.005Z", "user": 1, "content_type": 8, "object_id": "4", "object_repr": "<Blog: \u725b\u6c34b>", "action_flag": 1, "change_message": "[{\"added\": {}}]"}}, {"model": "admin.logentry", "pk": 9, "fields": {"action_time": "2019-12-23T11:51:23.283Z", "user": 1, "content_type": 8, "object_id": "36", "object_repr": "<Blog: \u7b2c\u4e00\u7bc7\u5bcc\u6587\u672c\u535a\u5ba2>", "action_flag": 1, "change_message": "[{\"added\": {}}]"}}, {"model": "admin.logentry", "pk": 10, "fields": {"action_time": "2019-12-23T11:53:04.028Z", "user": 1, "content_type": 8, "object_id": "36", "object_repr": "<Blog: \u7b2c\u4e00\u7bc7\u5bcc\u6587\u672c\u535a\u5ba2>", "action_flag": 2, "change_message": "[]"}}, {"model": "admin.logentry", "pk": 11, "fields": {"action_time": "2019-12-23T11:55:20.812Z", "user": 1, "content_type": 8, "object_id": "36", "object_repr": "<Blog: \u7b2c\u4e00\u7bc7\u5bcc\u6587\u672c\u535a\u5ba2>", "action_flag": 2, "change_message": "[{\"changed\": {\"fields\": [\"content\"]}}]"}}, {"model": "admin.logentry", "pk": 12, "fields": {"action_time": "2019-12-23T11:56:43.900Z", "user": 1, "content_type": 8, "object_id": "36", "object_repr": "<Blog: \u7b2c\u4e00\u7bc7\u5bcc\u6587\u672c\u535a\u5ba2>", "action_flag": 2, "change_message": "[]"}}, {"model": "admin.logentry", "pk": 13, "fields": {"action_time": "2019-12-23T11:58:50.830Z", "user": 1, "content_type": 8, "object_id": "36", "object_repr": "<Blog: \u7b2c\u4e00\u7bc7\u5bcc\u6587\u672c\u535a\u5ba2>", "action_flag": 2, "change_message": "[{\"changed\": {\"fields\": [\"content\"]}}]"}}, {"model": "admin.logentry", "pk": 14, "fields": {"action_time": "2019-12-23T12:22:06.112Z", "user": 1, "content_type": 8, "object_id": "36", "object_repr": "<Blog: \u7b2c\u4e00\u7bc7\u5bcc\u6587\u672c\u535a\u5ba2>", "action_flag": 2, "change_message": "[{\"changed\": {\"fields\": [\"content\"]}}]"}}, {"model": "admin.logentry", "pk": 15, "fields": {"action_time": "2019-12-23T12:22:46.554Z", "user": 1, "content_type": 8, "object_id": "36", "object_repr": "<Blog: \u7b2c\u4e00\u7bc7\u5bcc\u6587\u672c\u535a\u5ba2>", "action_flag": 2, "change_message": "[]"}}, {"model": "admin.logentry", "pk": 16, "fields": {"action_time": "2019-12-23T12:46:46.324Z", "user": 1, "content_type": 8, "object_id": "36", "object_repr": "<Blog: \u7b2c\u4e00\u7bc7\u5bcc\u6587\u672c\u535a\u5ba2>", "action_flag": 2, "change_message": "[{\"changed\": {\"fields\": [\"content\"]}}]"}}, {"model": "admin.logentry", "pk": 17, "fields": {"action_time": "2019-12-23T12:59:26.073Z", "user": 1, "content_type": 8, "object_id": "36", "object_repr": "<Blog: \u7b2c\u4e00\u7bc7\u5bcc\u6587\u672c\u535a\u5ba2>", "action_flag": 2, "change_message": "[{\"changed\": {\"fields\": [\"content\"]}}]"}}, {"model": "admin.logentry", "pk": 18, "fields": {"action_time": "2019-12-24T02:54:30.582Z", "user": 1, "content_type": 4, "object_id": "3", "object_repr": "lyl", "action_flag": 3, "change_message": ""}}, {"model": "admin.logentry", "pk": 19, "fields": {"action_time": "2019-12-24T07:52:51.118Z", "user": 1, "content_type": 9, "object_id": "1", "object_repr": "ReadNum object (1)", "action_flag": 1, "change_message": "[{\"added\": {}}]"}}, {"model": "admin.logentry", "pk": 20, "fields": {"action_time": "2019-12-24T11:57:08.818Z", "user": 1, "content_type": 10, "object_id": "1", "object_repr": "ReadNum object (1)", "action_flag": 1, "change_message": "[{\"added\": {}}]"}}, {"model": "admin.logentry", "pk": 21, "fields": {"action_time": "2019-12-25T08:37:36.597Z", "user": 1, "content_type": 8, "object_id": "36", "object_repr": "<Blog: \u7b2c\u4e00\u7bc7\u5bcc\u6587\u672c\u535a\u5ba2>", "action_flag": 2, "change_message": "[{\"changed\": {\"fields\": [\"content\"]}}]"}}, {"model": "admin.logentry", "pk": 22, "fields": {"action_time": "2019-12-30T12:04:43.754Z", "user": 1, "content_type": 11, "object_id": "1", "object_repr": "ReadDetail object (1)", "action_flag": 1, "change_message": "[{\"added\": {}}]"}}, {"model": "admin.logentry", "pk": 23, "fields": {"action_time": "2019-12-31T02:49:38.035Z", "user": 1, "content_type": 8, "object_id": "35", "object_repr": "<Blog: for 30>", "action_flag": 3, "change_message": ""}}, {"model": "admin.logentry", "pk": 24, "fields": {"action_time": "2019-12-31T02:49:38.135Z", "user": 1, "content_type": 8, "object_id": "34", "object_repr": "<Blog: for 29>", "action_flag": 3, "change_message": ""}}, {"model": "admin.logentry", "pk": 25, "fields": {"action_time": "2019-12-31T02:49:38.263Z", "user": 1, "content_type": 8, "object_id": "33", "object_repr": "<Blog: for 28>", "action_flag": 3, "change_message": ""}}, {"model": "admin.logentry", "pk": 26, "fields": {"action_time": "2019-12-31T02:49:38.476Z", "user": 1, "content_type": 8, "object_id": "32", "object_repr": "<Blog: for 27>", "action_flag": 3, "change_message": ""}}, {"model": "admin.logentry", "pk": 27, "fields": {"action_time": "2019-12-31T02:49:38.626Z", "user": 1, "content_type": 8, "object_id": "31", "object_repr": "<Blog: for 26>", "action_flag": 3, "change_message": ""}}, {"model": "admin.logentry", "pk": 28, "fields": {"action_time": "2019-12-31T02:49:38.801Z", "user": 1, "content_type": 8, "object_id": "30", "object_repr": "<Blog: for 25>", "action_flag": 3, "change_message": ""}}, {"model": "admin.logentry", "pk": 29, "fields": {"action_time": "2019-12-31T02:49:38.942Z", "user": 1, "content_type": 8, "object_id": "29", "object_repr": "<Blog: for 24>", "action_flag": 3, "change_message": ""}}, {"model": "admin.logentry", "pk": 30, "fields": {"action_time": "2019-12-31T02:49:39.084Z", "user": 1, "content_type": 8, "object_id": "28", "object_repr": "<Blog: for 23>", "action_flag": 3, "change_message": ""}}, {"model": "admin.logentry", "pk": 31, "fields": {"action_time": "2019-12-31T02:49:39.234Z", "user": 1, "content_type": 8, "object_id": "27", "object_repr": "<Blog: for 22>", "action_flag": 3, "change_message": ""}}, {"model": "admin.logentry", "pk": 32, "fields": {"action_time": "2019-12-31T02:49:39.342Z", "user": 1, "content_type": 8, "object_id": "26", "object_repr": "<Blog: for 21>", "action_flag": 3, "change_message": ""}}, {"model": "admin.logentry", "pk": 33, "fields": {"action_time": "2019-12-31T02:49:39.476Z", "user": 1, "content_type": 8, "object_id": "25", "object_repr": "<Blog: for 20>", "action_flag": 3, "change_message": ""}}, {"model": "admin.logentry", "pk": 34, "fields": {"action_time": "2019-12-31T02:49:39.740Z", "user": 1, "content_type": 8, "object_id": "24", "object_repr": "<Blog: for 19>", "action_flag": 3, "change_message": ""}}, {"model": "admin.logentry", "pk": 35, "fields": {"action_time": "2019-12-31T02:49:39.842Z", "user": 1, "content_type": 8, "object_id": "23", "object_repr": "<Blog: for 18>", "action_flag": 3, "change_message": ""}}, {"model": "admin.logentry", "pk": 36, "fields": {"action_time": "2019-12-31T02:49:39.951Z", "user": 1, "content_type": 8, "object_id": "22", "object_repr": "<Blog: for 17>", "action_flag": 3, "change_message": ""}}, {"model": "admin.logentry", "pk": 37, "fields": {"action_time": "2019-12-31T02:49:40.042Z", "user": 1, "content_type": 8, "object_id": "21", "object_repr": "<Blog: for 16>", "action_flag": 3, "change_message": ""}}, {"model": "admin.logentry", "pk": 38, "fields": {"action_time": "2019-12-31T02:49:40.134Z", "user": 1, "content_type": 8, "object_id": "20", "object_repr": "<Blog: for 15>", "action_flag": 3, "change_message": ""}}, {"model": "admin.logentry", "pk": 39, "fields": {"action_time": "2019-12-31T02:49:40.228Z", "user": 1, "content_type": 8, "object_id": "19", "object_repr": "<Blog: for 14>", "action_flag": 3, "change_message": ""}}, {"model": "admin.logentry", "pk": 40, "fields": {"action_time": "2019-12-31T02:49:40.301Z", "user": 1, "content_type": 8, "object_id": "18", "object_repr": "<Blog: for 13>", "action_flag": 3, "change_message": ""}}, {"model": "admin.logentry", "pk": 41, "fields": {"action_time": "2019-12-31T02:49:40.401Z", "user": 1, "content_type": 8, "object_id": "17", "object_repr": "<Blog: for 12>", "action_flag": 3, "change_message": ""}}, {"model": "admin.logentry", "pk": 42, "fields": {"action_time": "2019-12-31T02:49:40.476Z", "user": 1, "content_type": 8, "object_id": "16", "object_repr": "<Blog: for 11>", "action_flag": 3, "change_message": ""}}, {"model": "admin.logentry", "pk": 43, "fields": {"action_time": "2019-12-31T02:49:40.559Z", "user": 1, "content_type": 8, "object_id": "15", "object_repr": "<Blog: for 10>", "action_flag": 3, "change_message": ""}}, {"model": "admin.logentry", "pk": 44, "fields": {"action_time": "2019-12-31T02:49:40.667Z", "user": 1, "content_type": 8, "object_id": "14", "object_repr": "<Blog: for 9>", "action_flag": 3, "change_message": ""}}, {"model": "admin.logentry", "pk": 45, "fields": {"action_time": "2019-12-31T02:49:40.776Z", "user": 1, "content_type": 8, "object_id": "13", "object_repr": "<Blog: for 8>", "action_flag": 3, "change_message": ""}}, {"model": "admin.logentry", "pk": 46, "fields": {"action_time": "2019-12-31T02:49:40.876Z", "user": 1, "content_type": 8, "object_id": "12", "object_repr": "<Blog: for 7>", "action_flag": 3, "change_message": ""}}, {"model": "admin.logentry", "pk": 47, "fields": {"action_time": "2019-12-31T02:49:40.968Z", "user": 1, "content_type": 8, "object_id": "11", "object_repr": "<Blog: for 6>", "action_flag": 3, "change_message": ""}}, {"model": "admin.logentry", "pk": 48, "fields": {"action_time": "2019-12-31T02:49:41.076Z", "user": 1, "content_type": 8, "object_id": "10", "object_repr": "<Blog: for 5>", "action_flag": 3, "change_message": ""}}, {"model": "admin.logentry", "pk": 49, "fields": {"action_time": "2019-12-31T02:49:41.176Z", "user": 1, "content_type": 8, "object_id": "9", "object_repr": "<Blog: for 4>", "action_flag": 3, "change_message": ""}}, {"model": "admin.logentry", "pk": 50, "fields": {"action_time": "2019-12-31T02:49:41.267Z", "user": 1, "content_type": 8, "object_id": "8", "object_repr": "<Blog: for 3>", "action_flag": 3, "change_message": ""}}, {"model": "admin.logentry", "pk": 51, "fields": {"action_time": "2019-12-31T02:49:41.370Z", "user": 1, "content_type": 8, "object_id": "7", "object_repr": "<Blog: for 2>", "action_flag": 3, "change_message": ""}}, {"model": "admin.logentry", "pk": 52, "fields": {"action_time": "2019-12-31T02:49:41.503Z", "user": 1, "content_type": 8, "object_id": "6", "object_repr": "<Blog: for 1>", "action_flag": 3, "change_message": ""}}, {"model": "admin.logentry", "pk": 53, "fields": {"action_time": "2019-12-31T02:49:41.736Z", "user": 1, "content_type": 8, "object_id": "5", "object_repr": "<Blog: shell\u4e0b\u7b2c\u4e00\u7bc7>", "action_flag": 3, "change_message": ""}}, {"model": "admin.logentry", "pk": 54, "fields": {"action_time": "2019-12-31T02:49:41.960Z", "user": 1, "content_type": 8, "object_id": "4", "object_repr": "<Blog: \u725b\u6c34b>", "action_flag": 3, "change_message": ""}}, {"model": "admin.logentry", "pk": 55, "fields": {"action_time": "2019-12-31T02:49:42.215Z", "user": 1, "content_type": 8, "object_id": "3", "object_repr": "<Blog: \u957f\u535a\u5ba2>", "action_flag": 3, "change_message": ""}}, {"model": "admin.logentry", "pk": 56, "fields": {"action_time": "2019-12-31T02:49:42.328Z", "user": 1, "content_type": 8, "object_id": "2", "object_repr": "<Blog: \u7b2c\u4e8c\u7bc7\u535a\u5ba2>", "action_flag": 3, "change_message": ""}}, {"model": "admin.logentry", "pk": 57, "fields": {"action_time": "2019-12-31T02:49:51.462Z", "user": 1, "content_type": 8, "object_id": "36", "object_repr": "<Blog: \u7b2c\u4e00\u7bc7\u5bcc\u6587\u672c\u535a\u5ba2>", "action_flag": 2, "change_message": "[]"}}, {"model": "admin.logentry", "pk": 58, "fields": {"action_time": "2019-12-31T04:17:59.586Z", "user": 1, "content_type": 8, "object_id": "1", "object_repr": "<Blog: \u7b2c\u4e00\u7bc7\u535a\u5ba2>", "action_flag": 2, "change_message": "[{\"changed\": {\"fields\": [\"content\"]}}]"}}, {"model": "admin.logentry", "pk": 59, "fields": {"action_time": "2019-12-31T04:18:06.176Z", "user": 1, "content_type": 8, "object_id": "1", "object_repr": "<Blog: \u7b2c\u4e00\u7bc7\u535a\u5ba2>", "action_flag": 2, "change_message": "[]"}}, {"model": "admin.logentry", "pk": 60, "fields": {"action_time": "2019-12-31T04:20:00.269Z", "user": 1, "content_type": 8, "object_id": "36", "object_repr": "<Blog: \u7b2c\u4e00\u7bc7\u5bcc\u6587\u672c\u535a\u5ba2>", "action_flag": 2, "change_message": "[{\"changed\": {\"fields\": [\"content\"]}}]"}}, {"model": "admin.logentry", "pk": 61, "fields": {"action_time": "2019-12-31T04:20:17.063Z", "user": 1, "content_type": 8, "object_id": "1", "object_repr": "<Blog: \u7b2c\u4e00\u7bc7\u535a\u5ba2>", "action_flag": 2, "change_message": "[]"}}, {"model": "admin.logentry", "pk": 62, "fields": {"action_time": "2019-12-31T04:36:53.442Z", "user": 1, "content_type": 8, "object_id": "1", "object_repr": "<Blog: \u7b2c\u4e00\u7bc7\u535a\u5ba2>", "action_flag": 2, "change_message": "[{\"changed\": {\"fields\": [\"content\"]}}]"}}, {"model": "admin.logentry", "pk": 63, "fields": {"action_time": "2019-12-31T04:37:37.127Z", "user": 1, "content_type": 8, "object_id": "1", "object_repr": "<Blog: \u7b2c\u4e00\u7bc7\u535a\u5ba2>", "action_flag": 2, "change_message": "[{\"changed\": {\"fields\": [\"content\"]}}]"}}, {"model": "admin.logentry", "pk": 64, "fields": {"action_time": "2019-12-31T04:38:02.006Z", "user": 1, "content_type": 8, "object_id": "1", "object_repr": "<Blog: \u7b2c\u4e00\u7bc7\u535a\u5ba2>", "action_flag": 2, "change_message": "[{\"changed\": {\"fields\": [\"content\"]}}]"}}, {"model": "admin.logentry", "pk": 65, "fields": {"action_time": "2019-12-31T04:38:41.602Z", "user": 1, "content_type": 8, "object_id": "1", "object_repr": "<Blog: \u7b2c\u4e00\u7bc7\u535a\u5ba2>", "action_flag": 2, "change_message": "[{\"changed\": {\"fields\": [\"content\"]}}]"}}, {"model": "admin.logentry", "pk": 66, "fields": {"action_time": "2019-12-31T04:40:08.128Z", "user": 1, "content_type": 8, "object_id": "1", "object_repr": "<Blog: \u7b2c\u4e00\u7bc7\u535a\u5ba2>", "action_flag": 2, "change_message": "[{\"changed\": {\"fields\": [\"content\"]}}]"}}, {"model": "admin.logentry", "pk": 67, "fields": {"action_time": "2019-12-31T04:41:38.372Z", "user": 1, "content_type": 8, "object_id": "1", "object_repr": "<Blog: \u7b2c\u4e00\u7bc7\u535a\u5ba2>", "action_flag": 2, "change_message": "[{\"changed\": {\"fields\": [\"content\"]}}]"}}, {"model": "admin.logentry", "pk": 68, "fields": {"action_time": "2019-12-31T04:42:49.922Z", "user": 1, "content_type": 8, "object_id": "1", "object_repr": "<Blog: \u7b2c\u4e00\u7bc7\u535a\u5ba2>", "action_flag": 2, "change_message": "[]"}}, {"model": "admin.logentry", "pk": 69, "fields": {"action_time": "2019-12-31T04:43:09.001Z", "user": 1, "content_type": 8, "object_id": "1", "object_repr": "<Blog: \u7b2c\u4e00\u7bc7\u535a\u5ba2>", "action_flag": 2, "change_message": "[{\"changed\": {\"fields\": [\"content\"]}}]"}}, {"model": "admin.logentry", "pk": 70, "fields": {"action_time": "2019-12-31T04:43:24.480Z", "user": 1, "content_type": 8, "object_id": "1", "object_repr": "<Blog: \u7b2c\u4e00\u7bc7\u535a\u5ba2>", "action_flag": 2, "change_message": "[{\"changed\": {\"fields\": [\"content\"]}}]"}}, {"model": "admin.logentry", "pk": 71, "fields": {"action_time": "2019-12-31T04:44:59.335Z", "user": 1, "content_type": 8, "object_id": "1", "object_repr": "<Blog: \u7b2c\u4e00\u7bc7\u535a\u5ba2>", "action_flag": 2, "change_message": "[{\"changed\": {\"fields\": [\"content\"]}}]"}}, {"model": "admin.logentry", "pk": 72, "fields": {"action_time": "2019-12-31T04:47:00.840Z", "user": 1, "content_type": 8, "object_id": "1", "object_repr": "<Blog: \u7b2c\u4e00\u7bc7\u535a\u5ba2>", "action_flag": 2, "change_message": "[]"}}, {"model": "admin.logentry", "pk": 73, "fields": {"action_time": "2019-12-31T04:49:08.534Z", "user": 1, "content_type": 8, "object_id": "1", "object_repr": "<Blog: \u7b2c\u4e00\u7bc7\u535a\u5ba2>", "action_flag": 2, "change_message": "[{\"changed\": {\"fields\": [\"content\"]}}]"}}, {"model": "admin.logentry", "pk": 74, "fields": {"action_time": "2019-12-31T04:49:24.739Z", "user": 1, "content_type": 8, "object_id": "1", "object_repr": "<Blog: \u7b2c\u4e00\u7bc7\u535a\u5ba2>", "action_flag": 2, "change_message": "[{\"changed\": {\"fields\": [\"content\"]}}]"}}, {"model": "admin.logentry", "pk": 75, "fields": {"action_time": "2019-12-31T04:50:06.052Z", "user": 1, "content_type": 8, "object_id": "1", "object_repr": "<Blog: \u7b2c\u4e00\u7bc7\u535a\u5ba2>", "action_flag": 2, "change_message": "[{\"changed\": {\"fields\": [\"content\"]}}]"}}, {"model": "admin.logentry", "pk": 76, "fields": {"action_time": "2019-12-31T04:50:28.623Z", "user": 1, "content_type": 8, "object_id": "1", "object_repr": "<Blog: \u7b2c\u4e00\u7bc7\u535a\u5ba2>", "action_flag": 2, "change_message": "[{\"changed\": {\"fields\": [\"content\"]}}]"}}, {"model": "admin.logentry", "pk": 77, "fields": {"action_time": "2019-12-31T04:51:07.303Z", "user": 1, "content_type": 8, "object_id": "36", "object_repr": "<Blog: \u7b2c\u4e00\u7bc7\u5bcc\u6587\u672c\u535a\u5ba2>", "action_flag": 2, "change_message": "[{\"changed\": {\"fields\": [\"content\"]}}]"}}, {"model": "admin.logentry", "pk": 78, "fields": {"action_time": "2019-12-31T05:08:11.268Z", "user": 1, "content_type": 8, "object_id": "37", "object_repr": "<Blog: \u4fee\u6539\u4e00\u70b9\u5c0f\u9519\u8bef>", "action_flag": 1, "change_message": "[{\"added\": {}}]"}}, {"model": "admin.logentry", "pk": 79, "fields": {"action_time": "2019-12-31T05:13:11.541Z", "user": 1, "content_type": 8, "object_id": "36", "object_repr": "<Blog: \u7b2c\u4e00\u7bc7\u5bcc\u6587\u672c\u535a\u5ba2>", "action_flag": 2, "change_message": "[{\"changed\": {\"fields\": [\"content\"]}}]"}}, {"model": "admin.logentry", "pk": 80, "fields": {"action_time": "2019-12-31T05:13:57.578Z", "user": 1, "content_type": 8, "object_id": "36", "object_repr": "<Blog: \u7b2c\u4e00\u7bc7\u5bcc\u6587\u672c\u535a\u5ba2>", "action_flag": 2, "change_message": "[{\"changed\": {\"fields\": [\"content\"]}}]"}}, {"model": "admin.logentry", "pk": 81, "fields": {"action_time": "2019-12-31T05:14:21.935Z", "user": 1, "content_type": 8, "object_id": "36", "object_repr": "<Blog: \u7b2c\u4e00\u7bc7\u5bcc\u6587\u672c\u535a\u5ba2>", "action_flag": 2, "change_message": "[{\"changed\": {\"fields\": [\"content\"]}}]"}}, {"model": "admin.logentry", "pk": 82, "fields": {"action_time": "2019-12-31T05:14:35.061Z", "user": 1, "content_type": 8, "object_id": "36", "object_repr": "<Blog: \u7b2c\u4e00\u7bc7\u5bcc\u6587\u672c\u535a\u5ba2>", "action_flag": 2, "change_message": "[{\"changed\": {\"fields\": [\"content\"]}}]"}}, {"model": "admin.logentry", "pk": 83, "fields": {"action_time": "2020-01-02T03:58:26.369Z", "user": 1, "content_type": 12, "object_id": "3", "object_repr": "Comment object (3)", "action_flag": 3, "change_message": ""}}, {"model": "admin.logentry", "pk": 84, "fields": {"action_time": "2020-01-03T06:19:33.825Z", "user": 1, "content_type": 12, "object_id": "19", "object_repr": "Comment object (19)", "action_flag": 3, "change_message": ""}}, {"model": "admin.logentry", "pk": 85, "fields": {"action_time": "2020-01-03T06:19:33.966Z", "user": 1, "content_type": 12, "object_id": "18", "object_repr": "Comment object (18)", "action_flag": 3, "change_message": ""}}, {"model": "admin.logentry", "pk": 86, "fields": {"action_time": "2020-01-03T06:19:34.131Z", "user": 1, "content_type": 12, "object_id": "17", "object_repr": "Comment object (17)", "action_flag": 3, "change_message": ""}}, {"model": "admin.logentry", "pk": 87, "fields": {"action_time": "2020-01-03T06:19:34.314Z", "user": 1, "content_type": 12, "object_id": "16", "object_repr": "Comment object (16)", "action_flag": 3, "change_message": ""}}, {"model": "admin.logentry", "pk": 88, "fields": {"action_time": "2020-01-03T06:19:34.472Z", "user": 1, "content_type": 12, "object_id": "15", "object_repr": "Comment object (15)", "action_flag": 3, "change_message": ""}}, {"model": "admin.logentry", "pk": 89, "fields": {"action_time": "2020-01-03T06:19:34.672Z", "user": 1, "content_type": 12, "object_id": "14", "object_repr": "Comment object (14)", "action_flag": 3, "change_message": ""}}, {"model": "admin.logentry", "pk": 90, "fields": {"action_time": "2020-01-03T06:19:34.831Z", "user": 1, "content_type": 12, "object_id": "13", "object_repr": "Comment object (13)", "action_flag": 3, "change_message": ""}}, {"model": "admin.logentry", "pk": 91, "fields": {"action_time": "2020-01-03T06:19:34.981Z", "user": 1, "content_type": 12, "object_id": "12", "object_repr": "Comment object (12)", "action_flag": 3, "change_message": ""}}, {"model": "admin.logentry", "pk": 92, "fields": {"action_time": "2020-01-03T06:19:35.106Z", "user": 1, "content_type": 12, "object_id": "11", "object_repr": "Comment object (11)", "action_flag": 3, "change_message": ""}}, {"model": "admin.logentry", "pk": 93, "fields": {"action_time": "2020-01-03T06:19:35.255Z", "user": 1, "content_type": 12, "object_id": "10", "object_repr": "Comment object (10)", "action_flag": 3, "change_message": ""}}, {"model": "admin.logentry", "pk": 94, "fields": {"action_time": "2020-01-03T06:19:35.381Z", "user": 1, "content_type": 12, "object_id": "9", "object_repr": "Comment object (9)", "action_flag": 3, "change_message": ""}}, {"model": "admin.logentry", "pk": 95, "fields": {"action_time": "2020-01-03T06:19:35.555Z", "user": 1, "content_type": 12, "object_id": "8", "object_repr": "Comment object (8)", "action_flag": 3, "change_message": ""}}, {"model": "admin.logentry", "pk": 96, "fields": {"action_time": "2020-01-03T06:19:35.789Z", "user": 1, "content_type": 12, "object_id": "7", "object_repr": "Comment object (7)", "action_flag": 3, "change_message": ""}}, {"model": "admin.logentry", "pk": 97, "fields": {"action_time": "2020-01-03T06:19:35.916Z", "user": 1, "content_type": 12, "object_id": "6", "object_repr": "Comment object (6)", "action_flag": 3, "change_message": ""}}, {"model": "admin.logentry", "pk": 98, "fields": {"action_time": "2020-01-03T06:19:36.081Z", "user": 1, "content_type": 12, "object_id": "5", "object_repr": "Comment object (5)", "action_flag": 3, "change_message": ""}}, {"model": "admin.logentry", "pk": 99, "fields": {"action_time": "2020-01-03T06:19:36.231Z", "user": 1, "content_type": 12, "object_id": "4", "object_repr": "Comment object (4)", "action_flag": 3, "change_message": ""}}, {"model": "admin.logentry", "pk": 100, "fields": {"action_time": "2020-01-03T06:19:36.383Z", "user": 1, "content_type": 12, "object_id": "2", "object_repr": "Comment object (2)", "action_flag": 3, "change_message": ""}}, {"model": "admin.logentry", "pk": 101, "fields": {"action_time": "2020-01-03T06:19:36.531Z", "user": 1, "content_type": 12, "object_id": "1", "object_repr": "Comment object (1)", "action_flag": 3, "change_message": ""}}, {"model": "admin.logentry", "pk": 102, "fields": {"action_time": "2020-01-03T07:14:25.346Z", "user": 1, "content_type": 12, "object_id": "35", "object_repr": "Comment object (35)", "action_flag": 3, "change_message": ""}}, {"model": "admin.logentry", "pk": 103, "fields": {"action_time": "2020-01-03T07:14:25.501Z", "user": 1, "content_type": 12, "object_id": "34", "object_repr": "Comment object (34)", "action_flag": 3, "change_message": ""}}, {"model": "admin.logentry", "pk": 104, "fields": {"action_time": "2020-01-03T07:14:25.692Z", "user": 1, "content_type": 12, "object_id": "33", "object_repr": "Comment object (33)", "action_flag": 3, "change_message": ""}}, {"model": "admin.logentry", "pk": 105, "fields": {"action_time": "2020-01-03T07:14:25.850Z", "user": 1, "content_type": 12, "object_id": "32", "object_repr": "Comment object (32)", "action_flag": 3, "change_message": ""}}, {"model": "admin.logentry", "pk": 106, "fields": {"action_time": "2020-01-03T07:14:26.066Z", "user": 1, "content_type": 12, "object_id": "31", "object_repr": "Comment object (31)", "action_flag": 3, "change_message": ""}}, {"model": "admin.logentry", "pk": 107, "fields": {"action_time": "2020-01-03T07:14:26.254Z", "user": 1, "content_type": 12, "object_id": "30", "object_repr": "Comment object (30)", "action_flag": 3, "change_message": ""}}, {"model": "admin.logentry", "pk": 108, "fields": {"action_time": "2020-01-03T07:14:26.433Z", "user": 1, "content_type": 12, "object_id": "29", "object_repr": "Comment object (29)", "action_flag": 3, "change_message": ""}}, {"model": "admin.logentry", "pk": 109, "fields": {"action_time": "2020-01-03T07:14:26.574Z", "user": 1, "content_type": 12, "object_id": "28", "object_repr": "Comment object (28)", "action_flag": 3, "change_message": ""}}, {"model": "admin.logentry", "pk": 110, "fields": {"action_time": "2020-01-03T07:14:26.808Z", "user": 1, "content_type": 12, "object_id": "27", "object_repr": "Comment object (27)", "action_flag": 3, "change_message": ""}}, {"model": "admin.logentry", "pk": 111, "fields": {"action_time": "2020-01-03T07:14:27.091Z", "user": 1, "content_type": 12, "object_id": "26", "object_repr": "Comment object (26)", "action_flag": 3, "change_message": ""}}, {"model": "admin.logentry", "pk": 112, "fields": {"action_time": "2020-01-03T07:14:27.308Z", "user": 1, "content_type": 12, "object_id": "25", "object_repr": "Comment object (25)", "action_flag": 3, "change_message": ""}}, {"model": "admin.logentry", "pk": 113, "fields": {"action_time": "2020-01-03T07:14:27.466Z", "user": 1, "content_type": 12, "object_id": "24", "object_repr": "Comment object (24)", "action_flag": 3, "change_message": ""}}, {"model": "admin.logentry", "pk": 114, "fields": {"action_time": "2020-01-03T07:14:27.774Z", "user": 1, "content_type": 12, "object_id": "23", "object_repr": "Comment object (23)", "action_flag": 3, "change_message": ""}}, {"model": "admin.logentry", "pk": 115, "fields": {"action_time": "2020-01-03T07:14:27.999Z", "user": 1, "content_type": 12, "object_id": "22", "object_repr": "Comment object (22)", "action_flag": 3, "change_message": ""}}, {"model": "admin.logentry", "pk": 116, "fields": {"action_time": "2020-01-03T07:14:28.233Z", "user": 1, "content_type": 12, "object_id": "21", "object_repr": "Comment object (21)", "action_flag": 3, "change_message": ""}}, {"model": "admin.logentry", "pk": 117, "fields": {"action_time": "2020-01-03T07:14:28.457Z", "user": 1, "content_type": 12, "object_id": "20", "object_repr": "Comment object (20)", "action_flag": 3, "change_message": ""}}, {"model": "admin.logentry", "pk": 118, "fields": {"action_time": "2020-01-03T07:26:41.024Z", "user": 1, "content_type": 7, "object_id": "4", "object_repr": "\u7b14\u8bb0", "action_flag": 1, "change_message": "[{\"added\": {}}]"}}, {"model": "admin.logentry", "pk": 119, "fields": {"action_time": "2020-01-03T07:36:43.201Z", "user": 1, "content_type": 8, "object_id": "38", "object_repr": "<Blog: 111>", "action_flag": 1, "change_message": "[{\"added\": {}}]"}}, {"model": "admin.logentry", "pk": 120, "fields": {"action_time": "2020-01-03T14:21:01.048Z", "user": 1, "content_type": 8, "object_id": "38", "object_repr": "<Blog: 7>", "action_flag": 2, "change_message": "[{\"changed\": {\"fields\": [\"title\", \"content\"]}}]"}}, {"model": "admin.logentry", "pk": 121, "fields": {"action_time": "2020-01-17T07:09:48.575Z", "user": 1, "content_type": 4, "object_id": "4", "object_repr": "\u51cc\u6893", "action_flag": 1, "change_message": "[{\"added\": {}}]"}}, {"model": "admin.logentry", "pk": 122, "fields": {"action_time": "2020-01-17T07:10:44.237Z", "user": 1, "content_type": 4, "object_id": "4", "object_repr": "\u51cc\u6893", "action_flag": 2, "change_message": "[{\"changed\": {\"fields\": [\"is_staff\", \"is_superuser\"]}}]"}}, {"model": "admin.logentry", "pk": 123, "fields": {"action_time": "2020-02-04T04:09:19.055Z", "user": 1, "content_type": 15, "object_id": "1", "object_repr": "<Profile: \u5218\u6c38\u6770 for lyj>", "action_flag": 1, "change_message": "[{\"added\": {}}]"}}, {"model": "admin.logentry", "pk": 124, "fields": {"action_time": "2020-02-07T04:31:58.055Z", "user": 1, "content_type": 4, "object_id": "1", "object_repr": "lyj", "action_flag": 2, "change_message": "[{\"changed\": {\"fields\": [\"email\", \"last_login\"]}}]"}}, {"model": "admin.logentry", "pk": 125, "fields": {"action_time": "2020-02-09T03:41:52.515Z", "user": 1, "content_type": 4, "object_id": "1", "object_repr": "lyj", "action_flag": 2, "change_message": "[{\"changed\": {\"fields\": [\"email\", \"last_login\"]}}]"}}]